{
  "bounds": {
    "ne": [
      -6.26527,
      53.33986
    ],
    "sw": [
      -6.26979,
      53.33716
    ]
  },
  "resolution": {
    "elevation": {
      "tileSize": 256,
      "zoom": 14
    },
    "texture": {
      "tileSize": 512,
      "zoom": 15
    }
  },
  "altitudeBoundsinMeters": {
    "max": 25.7,
    "min": 10.4,
    "base": -5
  },
  "modelCoordinatesAltitudeBounds": {
    "max": 22.950000762939453,
    "min": 3,
    "base": -20
  },
  "elevationCanvas": {
    "width": 53,
    "height": 53
  },
  "groundParams": {
    "width": 503.16409838560503,
    "height": 503.3823705529794,
    "subdivisionsX": 52,
    "subdivisionsY": 52
  }
}